{"0":{"location":{"x":-1439.030101394782,"y":90.5,"z":222.27403812544475,"yaw":-179.06746,"pitch":12.99456},"pose":"STANDING"},"22":{"location":{"x":-1439.0280250517153,"y":90.5,"z":222.14665503164824,"yaw":-179.06746,"pitch":12.99456}},"23":{"location":{"x":-1439.0259487086487,"y":90.5,"z":221.94972076056027,"yaw":-179.06746,"pitch":12.99456}},"24":{"location":{"x":-1439.023872365582,"y":90.5,"z":221.7148115422603,"yaw":-179.06746,"pitch":12.99456}},"25":{"location":{"x":-1439.0217960225154,"y":90.5,"z":221.4591680003742,"yaw":-179.06746,"pitch":12.99456}},"26":{"location":{"x":-1439.0197196794488,"y":90.42159999847412,"z":221.19220351649514,"yaw":-179.06746,"pitch":12.99456}},"27":{"location":{"x":-1439.0193044108892,"y":90.26636799395752,"z":221.02096427589242,"yaw":-179.06746,"pitch":12.99456}},"28":{"location":{"x":-1439.0188891423295,"y":90.03584062504456,"z":220.839659946979,"yaw":-179.06746,"pitch":12.99456}},"29":{"location":{"x":-1439.0184738737698,"y":90.0,"z":220.64919638743885,"yaw":-179.06746,"pitch":12.99456}},"30":{"location":{"x":-1439.0163975307032,"y":89.92159999847412,"z":220.34849144946568,"yaw":-179.06746,"pitch":12.99456}},"32":{"location":{"x":-1439.0159822621436,"y":89.76636799395752,"z":220.1588299187878,"yaw":-179.06746,"pitch":12.99456}},"33":{"location":{"x":-1439.015566993584,"y":89.53584062504456,"z":219.96076130542284,"yaw":-179.06746,"pitch":12.99456}},"34":{"location":{"x":-1439.0147853996025,"y":89.5,"z":219.75505085321407,"yaw":-178.24495,"pitch":12.99456}},"35":{"location":{"x":-1439.0074486525864,"y":89.5,"z":219.4406657534087,"yaw":-176.70274,"pitch":13.097371}},"36":{"location":{"x":-1438.9940584804076,"y":89.42159999847412,"z":219.1419575515549,"yaw":-175.77742,"pitch":13.405804}},"37":{"location":{"x":-1438.9835508528317,"y":89.26636799395752,"z":218.95358416541126,"yaw":-172.79582,"pitch":14.433912}},"38":{"location":{"x":-1438.9671201148653,"y":89.03584062504456,"z":218.75762767142064,"yaw":-164.3652,"pitch":15.564832}},"39":{"location":{"x":-1438.94372924907,"y":89.0,"z":218.55526530455745,"yaw":-160.66396,"pitch":15.770453}},"40":{"location":{"x":-1438.8796042993426,"y":88.92159999847412,"z":218.25113404112682,"yaw":-160.35551,"pitch":15.873264}},"41":{"location":{"x":-1438.8360242215815,"y":88.76636799395752,"z":218.06108205424468,"yaw":-160.35551,"pitch":15.873264},"mainHand":"H4sIAAAAAAAA/wXBMQqAQAwEwNVDEC2s/Yq1b7CVcBcxhQkkEb/vzAQUzDslHewhpsASI3ppWB9Rrk5Xbsp5s0vyGZ95KxiqvZoAOvzfsQSGQgAAAA=="},"42":{"location":{"x":-1438.7877984985328,"y":88.53584062504456,"z":217.8641384434364,"yaw":-160.35551,"pitch":15.873264}},"43":{"location":{"x":-1438.7360388715858,"y":88.5,"z":217.66068698443334,"yaw":-162.00053,"pitch":15.667643}},"44":{"location":{"x":-1438.6035233109867,"y":88.91999998688698,"z":217.15948417724954,"yaw":-164.87932,"pitch":15.462021}},"45":{"location":{"x":-1438.5252301704463,"y":89.2531999805212,"z":216.86104937643495,"yaw":-166.52434,"pitch":15.564832}},"46":{"location":{"x":-1438.4488927705509,"y":89.50133597911214,"z":216.56450740832324,"yaw":-168.4778,"pitch":16.28451}},"47":{"location":{"x":-1438.3756411362854,"y":89.66610926093821,"z":216.26945684533285,"yaw":-171.4594,"pitch":17.723875}},"48":{"location":{"x":-1438.3064676533647,"y":89.74918707874468,"z":215.97560520064906,"yaw":-174.33818,"pitch":18.649181}},"49":{"location":{"x":-1438.2416429207663,"y":89.75220334025373,"z":215.6827894160726,"yaw":-175.77757,"pitch":18.751993}},"50":{"location":{"x":-1438.1810021919298,"y":89.67675927506424,"z":215.39090053932892,"yaw":-176.29164,"pitch":18.854805}},"51":{"location":{"x":-1438.1241689066267,"y":89.52442408821369,"z":215.09985514873733,"yaw":-176.29164,"pitch":18.854805}},"53":{"location":{"x":-1438.0708003950385,"y":89.29673560066871,"z":214.8095773305663,"yaw":-176.29164,"pitch":18.854805}},"54":{"location":{"x":-1438.0205848276219,"y":88.99520087700593,"z":214.51999800331808,"yaw":-176.29164,"pitch":18.854805}},"55":{"location":{"x":-1437.973238439484,"y":88.6212968405392,"z":214.23105430282794,"yaw":-176.29164,"pitch":18.854805}},"56":{"location":{"x":-1437.9285030045653,"y":88.17647087614428,"z":213.94268902270434,"yaw":-176.29164,"pitch":18.854805}},"57":{"location":{"x":-1437.8861435371443,"y":87.662141421027,"z":213.65485010512944,"yaw":-176.29164,"pitch":18.854805}},"58":{"location":{"x":-1437.8459462002086,"y":87.07969854367613,"z":213.36749017748767,"yaw":-176.29164,"pitch":18.854805}},"59":{"location":{"x":-1437.807716402071,"y":87.0,"z":213.08056613069763,"yaw":-176.29164,"pitch":18.854805}},"60":{"location":{"x":-1437.7653710561399,"y":87.0,"z":212.69228950611955,"yaw":-176.60008,"pitch":18.957615}},"61":{"location":{"x":-1437.7305899441392,"y":86.92159999847412,"z":212.35342518325913,"yaw":-174.74945,"pitch":18.751995}},"62":{"location":{"x":-1437.7092673449945,"y":86.76636799395752,"z":212.1430321925154,"yaw":-174.74945,"pitch":18.751995}},"63":{"location":{"x":-1437.687531669427,"y":86.53584062504456,"z":211.92620151644942,"yaw":-174.74945,"pitch":18.751995}},"64":{"location":{"x":-1437.665420094304,"y":86.5,"z":211.7035125465714,"yaw":-174.74945,"pitch":18.751995}},"65":{"location":{"x":-1437.6329570499831,"y":86.5,"z":211.37406474889724,"yaw":-174.44098,"pitch":16.90139}},"66":{"location":{"x":-1437.5942704816516,"y":86.42159999847412,"z":211.06852251731885,"yaw":-170.53406,"pitch":15.050787}},"67":{"location":{"x":-1437.5685510180217,"y":86.26636799395752,"z":210.87663448338643,"yaw":-169.60873,"pitch":11.966461}},"68":{"location":{"x":-1437.5405497105764,"y":86.03584062504456,"z":210.6769544113621,"yaw":-169.60873,"pitch":10.835542}},"69":{"location":{"x":-1437.5104719251992,"y":86.0,"z":210.47018358446977,"yaw":-169.60873,"pitch":10.732731}},"70":{"location":{"x":-1437.4601181624157,"y":86.0,"z":210.15671232984923,"yaw":-169.60873,"pitch":10.732731}},"71":{"location":{"x":-1437.4096420274411,"y":86.0,"z":209.8602472082205,"yaw":-169.60873,"pitch":10.62992}},"72":{"location":{"x":-1437.359327379803,"y":86.0,"z":209.57302577761604,"yaw":-169.71155,"pitch":10.321487}},"74":{"location":{"x":-1437.3093172601393,"y":86.0,"z":209.29081231847064,"yaw":-169.81436,"pitch":10.115866}},"75":{"location":{"x":-1437.2597018615068,"y":86.0,"z":209.01129236591038,"yaw":-169.91718,"pitch":10.115866}},"76":{"location":{"x":-1437.212325085641,"y":86.0,"z":208.7329000105817,"yaw":-170.8425,"pitch":10.013055}},"77":{"location":{"x":-1437.1688882640933,"y":86.0,"z":208.45471500620064,"yaw":-172.07626,"pitch":10.115866}},"78":{"location":{"x":-1437.1312265699312,"y":86.0,"z":208.17619148544094,"yaw":-173.72128,"pitch":10.218677}},"79":{"location":{"x":-1437.0994528370652,"y":86.0,"z":207.89721179904112,"yaw":-174.95505,"pitch":10.321487}},"80":{"location":{"x":-1437.0718067344744,"y":86.0,"z":207.61790572021326,"yaw":-175.3663,"pitch":10.321487}},"81":{"location":{"x":-1437.047327652864,"y":86.0,"z":207.33835066603788,"yaw":-175.77756,"pitch":10.321487}},"82":{"location":{"x":-1437.0254915854903,"y":86.0,"z":207.05859547473796,"yaw":-176.18881,"pitch":10.321487}},"83":{"location":{"x":-1437.0064640435908,"y":86.0,"z":206.7786473874744,"yaw":-176.8057,"pitch":10.424298}},"84":{"location":{"x":-1436.989652993104,"y":86.0,"z":206.49855766625194,"yaw":-177.11414,"pitch":10.527109}},"85":{"location":{"x":-1436.9749672149044,"y":86.0,"z":206.21834772404267,"yaw":-177.52539,"pitch":10.732731}},"86":{"location":{"x":-1436.9637245419447,"y":86.0,"z":205.93799387359695,"yaw":-178.55353,"pitch":11.349596}},"87":{"location":{"x":-1436.9557295303553,"y":86.0,"z":205.6575341653235,"yaw":-179.17041,"pitch":11.555218}},"88":{"location":{"x":-1436.9502039088648,"y":86.0,"z":205.37700841957815,"yaw":-179.47885,"pitch":11.760839}},"89":{"location":{"x":-1436.9462464248384,"y":86.0,"z":205.0964448024908,"yaw":-179.58167,"pitch":11.966461}},"90":{"location":{"x":-1436.945537997719,"y":86.0,"z":204.81585900410906,"yaw":-179.68448,"pitch":12.069272}},"91":{"location":{"x":-1436.945281497094,"y":86.0,