{"0":{"location":{"x":-1421.4892621316149,"y":104.0,"z":148.56037322284368,"yaw":59.55121,"pitch":3.1274748},"pose":"STANDING","mainHand":"H4sIAAAAAAAA/12MMQqAMBAEV4MisVBLv2LtG2wlJBFS5C6Y8/9GLATbmWE0oNCvRszmzxyYgCF3qIPDGAN5e5pDlsRSlEJj+SIBUGloyzExeZKsMf/b3TLJ4zq0L8H0NfEiZ8iX0Q2TS1lggAAAAA=="}}