{"0":{"location":{"x":-1415.5926043802654,"y":105.0,"z":135.77582294286663,"yaw":101.32718,"pitch":4.2556963},"pose":"STANDING"},"48":{"pose":"CROUCHING"},"86":{"location":{"x":-1415.6361702323097,"y":105.0,"z":137.01639038958916,"yaw":-0.35559082,"pitch":7.9568872}},"1":{"location":{"x":-1415.5926043802654,"y":105.0,"z":135.77582294286663,"yaw":101.63562,"pitch":4.358507}},"85":{"location":{"x":-1415.6369641581543,"y":105.0,"z":136.75853949464425,"yaw":-0.35559082,"pitch":7.9568872}},"55":{"pose":"STANDING"},"57":{"location":{"x":-1415.5926043802654,"y":105.0,"z":135.77582294286663,"yaw":100.60748,"pitch":4.6669397}},"58":{"location":{"x":-1415.5926043802654,"y":105.0,"z":135.77582294286663,"yaw":97.21463,"pitch":4.9753723}},"59":{"location":{"x":-1415.5926043802654,"y":105.0,"z":135.77582294286663,"yaw":92.79364,"pitch":5.4894266}},"60":{"location":{"x":-1415.5926043802654,"y":105.0,"z":135.77582294286663,"yaw":86.93326,"pitch":6.4147243}},"61":{"location":{"x":-1415.5926043802654,"y":105.0,"z":135.77582294286663,"yaw":82.61508,"pitch":6.825968}},"62":{"location":{"x":-1415.5926043802654,"y":105.0,"z":135.77582294286663,"yaw":78.296906,"pitch":7.237211}},"63":{"location":{"x":-1415.5926043802654,"y":105.0,"z":135.77582294286663,"yaw":71.922455,"pitch":7.6484547}},"64":{"location":{"x":-1415.5926043802654,"y":105.0,"z":135.77582294286663,"yaw":65.75363,"pitch":8.059698}},"65":{"location":{"x":-1415.5926043802654,"y":105.0,"z":135.77582294286663,"yaw":58.351044,"pitch":8.573752}},"66":{"location":{"x":-1415.5926043802654,"y":105.0,"z":135.77582294286663,"yaw":49.40625,"pitch":9.293428}},"67":{"location":{"x":-1415.5926043802654,"y":105.0,"z":135.77582294286663,"yaw":41.90085,"pitch":9.807483}},"69":{"location":{"x":-1415.5926043802654,"y":105.0,"z":135.77582294286663,"yaw":33.36731,"pitch":10.013104}},"72":{"location":{"x":-1415.5926043802654,"y":105.0,"z":135.77582294286663,"yaw":26.684418,"pitch":9.190618}},"73":{"location":{"x":-1415.5926043802654,"y":105.0,"z":135.77582294286663,"yaw":21.029663,"pitch":8.779374}},"74":{"location":{"x":-1415.5926043802654,"y":105.0,"z":135.77582294286663,"yaw":18.150879,"pitch":8.573752}},"75":{"location":{"x":-1415.5926043802654,"y":105.0,"z":135.77582294286663,"yaw":18.048065,"pitch":8.573752}},"76":{"location":{"x":-1415.5926043802654,"y":105.0,"z":135.77582294286663,"yaw":17.63681,"pitch":8.470942}},"77":{"location":{"x":-1415.5926043802654,"y":105.0,"z":135.77582294286663,"yaw":15.169281,"pitch":8.368131}},"78":{"location":{"x":-1415.6086268444953,"y":105.0,"z":135.87250428283028,"yaw":9.411713,"pitch":8.26532}},"79":{"location":{"x":-1415.6246687675064,"y":105.0,"z":136.02302051033632,"yaw":4.2710266,"pitch":7.9568872}},"80":{"location":{"x":-1415.6334276584878,"y":105.0,"z":136.10520238010028,"yaw":2.5231934,"pitch":7.9568872}},"81":{"location":{"x":-1415.638210013519,"y":105.0,"z":136.1500736862033,"yaw":1.8034973,"pitch":8.059698}},"82":{"location":{"x":-1415.638210013519,"y":105.0,"z":136.17457342218128,"yaw":0.56973267,"pitch":8.059698}},"83":{"location":{"x":-1415.6381000846247,"y":105.0,"z":136.3153502464269,"yaw":-0.04714966,"pitch":8.059698}},"84":{"location":{"x":-1415.637758083999,"y":105.0,"z":136.51961395818472,"yaw":-0.14996338,"pitch":8.059698}},"2":{"location":{"x":-1415.5926043802654,"y":105.0,"z":135.77582294286663,"yaw":101.738434,"pitch":4.358507}},"18":{"location":{"x":-1415.5926043802654,"y":105.0,"z":135.77582294286663,"yaw":101.84125,"pitch":4.358507}},"70":{"location":{"x":-1415.5926043802654,"y":105.0,"z":135.77582294286663,"yaw":31.002594,"pitch":9.49905}},"87":{"location":{"x":-1415.6361702323097,"y":105.0,"z":137.15717699458182,"yaw":-0.35559082,"pitch":7.9568872}},"88":{"location":{"x":-1415.6361702323097,"y":105.0,"z":137.2340464898364,"yaw":-0.2527771,"pitch":7.545644}},"89":{"location":{"x":-1415.6361702323097,"y":105.0,"z":137.27601723912042,"yaw":-0.04714966,"pitch":7.1344004}},"90":{"location":{"x":-1415.6361702323097,"y":105.0,"z":137.29893327089124,"yaw":0.2612915,"pitch":6.723157}},"91":{"location":{"x":-1415.6361702323097,"y":105.0,"z":137.31144542569143,"yaw":0.56973267,"pitch":6.517535}},"92":{"location":{"x":-1415.6361702323097,"y":105.0,"z":137.31827706300584,"yaw":0.7753601,"pitch":6.517535}},"93":{"location":{"x":-1415.6361702323097,"y":105.0,"z":137.32200713741275,"yaw":1.0838013,"pitch":6.3119135}},"94":{"location":{"x":-1415.6361702323097,"y":105.0,"z":137.32200713741275,"yaw":1.5978699,"pitch":6.2091026}},"95":{"location":{"x":-1415.6361702323097,"y":105.0,"z":137.32200713741275,"yaw":1.5978699,"pitch":6.106292}},"68":{"location":{"x":-1415.5926043802654,"y":105.0,"z":135.77582294286663,"yaw":37.27423,"pitch":10.013104}},"100":{"location":{"x":-1415.6361702323097,"y":105.0,"z":137.32200713741275,"yaw":1.186615,"pitch":6.106292}},"101":{"location":{"x":-1415.6380210618256,"y":105.0,"z":137.4199896637443,"yaw":1.0838013,"pitch":6.106292}},"102":{"location":{"x":-1415.6398718913415,"y":105.0,"z":137.57147065566684,"yaw":1.0838013,"pitch":6.106292}},"103":{"location":{"x":-1415.6417227208574,"y":105.0,"z":137.75216181319493,"yaw":1.0838013,"pitch":6.106292}},"104":{"location":{"x":-1415.6435735503733,"y":105.0,"z":137.9488017229961,"yaw":1.0838013,"pitch":6.106292}},"105":{"location":{"x":-1415.6452458917513,"y":104.92159999847412,"z":138.15415285939906,"yaw":0.98098755,"pitch":6.106292}},"106":{"location":{"x":-1415.645298507227,"y":104.76636799395752,"z":138.28587452274664,"yaw":0.15847778,"pitch":5.90067}},"107":{"location":{"x":-1415.6453172984889,"y":104.53584062504456,"z":138.42534123044484,"yaw":0.055664062,"pitch":5.90067}},"108":{"location":{"x":-1415.6453360897508,"y":104.23152379758702,"z":138.57185592870522,"yaw":0.055664062,"pitch":5.90067}},"109":{"location":{"x":-1415.6453548810127,"y":104.0,"z":138.72478429856204,"yaw":0.055664062,"pitch":5.90067}},"110":{"location":{"x":-1415.645448837326,"y":104.0,"z":138.96194907578007,"yaw":0.055664062,"pitch":5.90067}},"111":{"location":{"x":-1415.6455427936394,"y":104.0,"z":139.18944101581957,"yaw":0.055664062,"pitch":5.90067}},"112":{"location":{"x":-1415.6456367499527,"y":104.0,"z":139.41165158614615,"yaw":0.055664062,"pitch":5.90067}},"113":{"location":{"x":-1415.645730706266,"y":104.0,"z":139.63097852827454,"yaw":0.055664062,"pitch":5.90067}},"114":{"location":{"x":-1415.6458246625793,"y":104.0,"z":139.84873100922383,"yaw":0.055664062,"pitch":5.90067}},"115":{"location":{"x":-1415.6459186188927,"y":104.0,"z":140.06562383426947,"yaw":0.055664062,"pitch":5.90067}},"116":{"location":{"x":-1415.646012575206,"y":104.0,"z":140.2820472871372,"yaw":0.055664062,"pitch":5.90067}},"117":{"location":{"x":-1415.6461065315193,"y":104.0,"z":140.49821446276604,"yaw":0.055664062,"pitch":5.90067}},"118":{"location":{"x":-1415.6462004878326,"y":104.0,"z":140.7142417110062,"yaw":0.055664062,"pitch":5.90067}},"119":{"location":{"x":-1415.646294444146,"y":104.0,"z":140.93019255888325,"yaw":0.055664062,"pitch":5.90067}},"120":{"location":{"x":-1415.6463884004593,"y":104.0,"z":141.1461016921572,"yaw":0.055664062,"pitch":5.90067}},"121":{"location":{"x":-1415.6464823567726,"y":104.0,"z":141.36198804925522,"yaw":0.055664062,"pitch":5.90067}},"122":{"location":{"x":-1415.646576313086,"y":104.0,"z":141.57786197055972,"yaw":0.055664062,"pitch":5.90067}},"123":{"location":{"x":-1415.6466702693992,"y":104.0,"z":141.79372910192018,"yaw":0.055664062,"pitch":5.90067}},"124":{"location":{"x":-1415.6467642257126,"y":104.0,"z":142.00959252597076,"yaw":0.055664062,"pitch":5.90067}},"125":{"location":{"x":-1415.6468581820259,"y":104.0,"z":142.22545392582992,"yaw":0.055664062,"pitch":5.90067}},"126":{"location":{"x":-1415.6469521383392,"y":104.0,"z":142.44131422048042,"yaw":0.055664062,"pitch":5.90067}},"127":{"location":{"x":-1415.6470460946525,"y":104.0,"z":142.65717391168693,"yaw":0.055664062,"pitch":5.90067}},"128":{"location":{"x":-1415.6471400509658,"y":104.0,"z":142.87303327341297,"yaw":0.055664062,"pitch":5.90067}},