{"0":{"location":{"x":-1456.112500011921,"y":106.25,"z":170.30000001192093,"yaw":18.223541,"pitch":11.866284},"pose":"STANDING","mainHand":""},"1":{"location":{"x":-1456.1431515965266,"y":106.25,"z":170.39308320866022,"yaw":18.223541,"pitch":11.866284}},"2":{"location":{"x":-1456.1908689499942,"y":106.25,"z":170.53688051762782,"yaw":18.429169,"pitch":11.7634735}},"3":{"location":{"x":-1456.2479042143425,"y":106.17159999847412,"z":170.70836773508833,"yaw":18.429169,"pitch":11.7634735}},"4":{"location":{"x":-1456.285275651085,"y":106.01636799395752,"z":170.8205832235176,"yaw":18.531982,"pitch":11.7634735}},"5":{"location":{"x":-1456.325513838292,"y":106.0,"z":170.94128277775138,"yaw":18.531982,"pitch":11.7634735}},"6":{"location":{"x":-1456.3932814848217,"y":106.0,"z":171.14403666283206,"yaw":18.531982,"pitch":11.7634735}},"7":{"location":{"x":-1456.4614335192412,"y":106.0,"z":171.34765758450712,"yaw":18.531982,"pitch":11.7634735}},"8":{"location":{"x":-1456.5297954294726,"y":106.0,"z":171.55175190821765,"yaw":18.531982,"pitch":11.7634735}},"9":{"location":{"x":-1456.5982719319109,"y":106.0625,"z":171.7561047094696,"yaw":18.531982,"pitch":11.7634735}},"10":{"location":{"x":-1456.666811001701,"y":106.0625,"z":171.96059863947556,"yaw":18.531982,"pitch":11.7634735}},"11":{"location":{"x":-1456.736220341804,"y":106.0625,"z":172.16488512160518,"yaw":19.046051,"pitch":12.277528}},"12":{"location":{"x":-1456.807760378155,"y":106.0625,"z":172.36847000593843,"yaw":20.074188,"pitch":13.100015}},"13":{"location":{"x":-1456.8821084883107,"y":106.0625,"z":172.57105390062907,"yaw":21.102325,"pitch":13.71688}},"14":{"location":{"x":-1456.9591352625202,"y":106.0625,"z":172.7726408649146,"yaw":21.822021,"pitch":14.128123}},"15":{"location":{"x":-1457.0382778063015,"y":106.0625,"z":172.97341918248813,"yaw":22.233276,"pitch":14.436556}},"17":{"location":{"x":-1457.120031764927,"y":106.0625,"z":173.173146905365,"yaw":23.1586,"pitch":15.156232}},"18":{"location":{"x":-1457.205308610717,"y":106.0625,"z":173.37137480817515,"yaw":24.495178,"pitch":15.875908}},"19":{"location":{"x":-1457.2952084484116,"y":106.0625,"z":173.5675035578252,"yaw":26.243011,"pitch":16.6984}},"20":{"location":{"x":-1457.3882633364497,"y":106.0625,"z":173.76217227233462,"yaw":26.654266,"pitch":16.904024}},"21":{"location":{"x":-1457.4830408821756,"y":106.0625,"z":173.95604380756467,"yaw":26.654266,"pitch":16.904024}},"22":{"location":{"x":-1457.5787589991082,"y":106.0625,"z":174.14948008285762,"yaw":26.654266,"pitch":16.904024}},"23":{"location":{"x":-1457.6749906679795,"y":106.0625,"z":174.34267870619732,"yaw":26.654266,"pitch":16.904024}},"24":{"location":{"x":-1457.7710318814068,"y":106.0625,"z":174.53598237833958,"yaw":26.345825,"pitch":17.21246}},"25":{"location":{"x":-1457.8661759279216,"y":106.0625,"z":174.72973185061807,"yaw":25.831757,"pitch":17.418083}},"26":{"location":{"x":-1457.9603559398154,"y":106.0625,"z":174.9239527432033,"yaw":25.523315,"pitch":17.623707}},"27":{"location":{"x":-1458.0535341864925,"y":106.0625,"z":175.11865649208139,"yaw":25.214874,"pitch":17.726519}},"28":{"location":{"x":-1458.1450486942833,"y":106.0625,"z":175.3141413047696,"yaw":24.495178,"pitch":18.446201}},"29":{"location":{"x":-1458.2348494900211,"y":106.0625,"z":175.51041519764095,"yaw":23.98111,"pitch":18.96026}},"30":{"location":{"x":-1458.3233967235924,"y":106.5,"z":175.70726066754966,"yaw":23.775482,"pitch":19.165884}},"31":{"location":{"x":-1458.4104497097005,"y":106.5,"z":175.90477069743096,"yaw":23.261414,"pitch":19.679943}},"32":{"location":{"x":-1458.4957178687107,"y":106.5,"z":176.1030540012268,"yaw":22.644531,"pitch":20.296814}},"33":{"location":{"x":-1458.5780518876543,"y":107.0,"z":176.3025524572068,"yaw":21.410767,"pitch":21.530556}},"34":{"location":{"x":-1458.6566487994721,"y":107.0,"z":176.50352307895866,"yaw":20.074188,"pitch":22.661484}},"35":{"location":{"x":-1458.730044690382,"y":107.5,"z":176.70639192676626,"yaw":18.120728,"pitch":23.998037}},"36":{"location":{"x":-1458.796736292791,"y":107.5,"z":176.91147435343035,"yaw":15.756012,"pitch":25.540215}},"38":{"location":{"x":-1458.8537959853606,"y":107.5,"z":177.1192498967762,"yaw":12.157532,"pitch":27.288015}},"39":{"location":{"x":-1458.8967509793858,"y":107.5,"z":177.32998231210115,"yaw":6.9140625,"pitch":29.447056}},"40":{"location":{"x":-1458.923764570039,"y":107.5,"z":177.54297754153856,"yaw":2.0818176,"pitch":31.092041}},"41":{"location":{"x":-1458.9371516693857,"y":107.5,"z":177.7572634850121,"yaw":-0.79696655,"pitch":32.32578}},"42":{"location":{"x":-1458.9416990763036,"y":107.5,"z":177.97222470098026,"yaw":-1.6194763,"pitch":32.83983}},"43":{"location":{"x":-1458.9373503270158,"y":107.5,"z":178.1874970093127,"yaw":-2.5447998,"pitch":33.45669}},"44":{"location":{"x":-1458.9309001937686,"y":107.5,"z":178.40282320765252,"yaw":-3.7785645,"pitch":34.38199}},"45":{"location":{"x":-1458.9186426968556,"y":107.5,"z":178.61800120320467,"yaw":-5.115143,"pitch":35.41009}},"46":{"location":{"x":-1458.9119501027637,"y":107.5,"z":178.7354884024226,"yaw":-6.554535,"pitch":36.84944}},"47":{"location":{"x":-1458.9082959459652,"y":107.5,"z":178.79963642064652,"yaw":-8.405182,"pitch":38.08317}},"48":{"location":{"x":-1458.9082959459652,"y":107.5,"z":178.83466124266502,"yaw":-12.82608,"pitch":40.1394}},"49":{"location":{"x":-1458.9082959459652,"y":107.5,"z":178.85378479770839,"yaw":-23.72403,"pitch":42.401253}},"50":{"location":{"x":-1458.9082959459652,"y":107.5,"z":178.86422625997486,"yaw":-42.74402,"pitch":43.634983}},"51":{"location":{"x":-1458.9082959459652,"y":107.5,"z":178.86992729903454,"yaw":-60.221924,"pitch":43.429363}},"52":{"location":{"x":-1458.9082959459652,"y":107.5,"z":178.8730400667227,"yaw":-72.45639,"pitch":42.812504}},"53":{"location":{"x":-1458.9082959459652,"y":107.5,"z":178.8730400667227,"yaw":-81.70932,"pitch":42.09283}},"54":{"location":{"x":-1458.9082959459652,"y":107.5,"z":178.8730400667227,"yaw":-90.859436,"pitch":41.373158}},"55":{"location":{"x":-1458.9082959459652,"y":107.5,"z":178.8730400667227,"yaw":-96.411255,"pitch":40.961918}},"56":{"location":{"x":-1458.9082959459652,"y":107.5,"z":178.8730400667227,"yaw":-98.57034,"pitch":40.44787}},"57":{"location":{"x":-1458.9082959459652,"y":107.5,"z":178.8730400667227,"yaw":-98.878784,"pitch":39.93382}},"59":{"location":{"x":-1458.9082959459652,"y":107.5,"z":178.8730400667227,"yaw":-99.187225,"pitch":39.00853}},"60":{"location":{"x":-1458.9082959459652,"y":107.5,"z":178.8730400667227,"yaw":-99.39285,"pitch":37.98043}},"61":{"location":{"x":-1458.9082959459652,"y":107.5,"z":178.8730400667227,"yaw":-99.39285,"pitch":37.56919}},"64":{"location":{"x":-1458.9082959459652,"y":107.5,"z":178.8730400667227,"yaw":-99.29004,"pitch":37.36357}},"65":{"location":{"x":-1458.9082959459652,"y":107.5,"z":178.8730400667227,"yaw":-98.9816,"pitch":36.23266}},"66":{"location":{"x":-1458.9082959459652,"y":107.5,"z":178.8730400667227,"yaw":-97.95346,"pitch":32.839893}},"67":{"location":{"x":-1458.9082959459652,"y":107.5,"z":178.8730400667227,"yaw":-97.74783,"pitch":29.858372}},"68":{"location":{"x":-1458.9082959459652,"y":107.5,"z":178.8730400667227,"yaw":-97.95346,"pitch":28.727448}},"69":{"location":{"x":-1458.9082959459652,"y":107.5,"z":178.8730400667227,"yaw":-98.15909,"pitch":27.904955}},"70":{"location":{"x":-1458.9082959459652,"y":107.5,"z":178.8730400667227,"yaw":-98.2619,"pitch":26.876837}},"71":{"location":{"x":-1458.9082959459652,"y":107.5,"z":178.8730400667227,"yaw":-98.2619,"pitch":25.74591}},"72":{"location":{"x":-1458.9082959459652,"y":107.5,"z":178.8730400667227,"yaw":-98.056274,"pitch":24.409365}},"73":{"location":{"x":-1458.9082959459652,"y":107.5,"z":178.8730400667227,"yaw":-97.95346,"pitch":23.792494}},"74":{"location":{"x":-1458.9082959459652,"y":107.5,"z":178.8730400667227,"yaw":-97.43939,"pitch":22.353136}},"75":{"location":{"x":-1458.9082959459652,"y":107.5,"z":178.8730400667227,"yaw":-97.02814,"pitch":21.222212}},"76":{"location":{"x":-1458.9082959459652,"y":107.5,