{"0":{"location":{"x":-1409.699999988079,"y":104.0,"z":147.17456677762343,"yaw":69.217285,"pitch":19.371616},"pose":"STANDING"},"1":{"location":{"x":-1409.699999988079,"y":104.0,"z":147.17456677762343,"yaw":69.3201,"pitch":19.371616}},"8":{"location":{"x":-1409.699999988079,"y":104.0,"z":147.17456677762343,"yaw":69.62854,"pitch":19.371616}},"9":{"location":{"x":-1409.699999988079,"y":104.0,"z":147.17456677762343,"yaw":70.14261,"pitch":19.371616}},"10":{"location":{"x":-1409.699999988079,"y":104.0,"z":147.17456677762343,"yaw":71.170746,"pitch":19.474428}},"11":{"location":{"x":-1409.699999988079,"y":104.0,"z":147.17456677762343,"yaw":72.09607,"pitch":19.57724}},"13":{"location":{"x":-1409.699999988079,"y":104.0,"z":147.17456677762343,"yaw":72.91858,"pitch":19.680052}},"14":{"location":{"x":-1409.699999988079,"y":104.0,"z":147.17456677762343,"yaw":73.53546,"pitch":19.680052}},"15":{"location":{"x":-1409.699999988079,"y":104.0,"z":147.17456677762343,"yaw":74.35797,"pitch":19.680052}},"16":{"location":{"x":-1409.699999988079,"y":104.0,"z":147.17456677762343,"yaw":75.283295,"pitch":19.782864}},"17":{"location":{"x":-1409.699999988079,"y":104.0,"z":147.17456677762343,"yaw":76.31143,"pitch":19.885675}},"18":{"location":{"x":-1409.699999988079,"y":104.0,"z":147.17456677762343,"yaw":77.44238,"pitch":19.988487}},"19":{"location":{"x":-1409.699999988079,"y":104.0,"z":147.17456677762343,"yaw":79.0874,"pitch":20.0913}},"20":{"location":{"x":-1409.699999988079,"y":104.0,"z":147.17456677762343,"yaw":80.73242,"pitch":20.19411}},"21":{"location":{"x":-1409.699999988079,"y":104.0,"z":147.17456677762343,"yaw":82.27463,"pitch":20.296923}},"22":{"location":{"x":-1409.699999988079,"y":104.0,"z":147.17456677762343,"yaw":83.81683,"pitch":20.399734}},"23":{"location":{"x":-1409.699999988079,"y":104.0,"z":147.17456677762343,"yaw":84.433716,"pitch":20.502546}},"24":{"location":{"x":-1409.699999988079,"y":104.0,"z":147.17456677762343,"yaw":84.84497,"pitch":20.502546}},"25":{"location":{"x":-1409.699999988079,"y":104.0,"z":147.17456677762343,"yaw":85.97592,"pitch":20.502546}},"26":{"location":{"x":-1409.699999988079,"y":104.0,"z":147.17456677762343,"yaw":87.41531,"pitch":20.605358}},"27":{"location":{"x":-1409.699999988079,"y":104.0,"z":147.17456677762343,"yaw":88.75189,"pitch":20.70817}},"28":{"location":{"x":-1409.699999988079,"y":104.0,"z":147.17456677762343,"yaw":90.91098,"pitch":20.810982}},"29":{"location":{"x":-1409.699999988079,"y":104.0,"z":147.17456677762343,"yaw":92.556,"pitch":20.913794}},"30":{"location":{"x":-1409.699999988079,"y":104.0,"z":147.17456677762343,"yaw":93.99539,"pitch":20.913794}},"31":{"location":{"x":-1409.699999988079,"y":104.0,"z":147.17456677762343,"yaw":96.66855,"pitch":20.913794}},"32":{"location":{"x":-1409.699999988079,"y":104.0,"z":147.17456677762343,"yaw":99.44452,"pitch":21.016605}},"34":{"location":{"x":-1409.699999988079,"y":104.0,"z":147.17456677762343,"yaw":102.42612,"pitch":21.222229}},"35":{"location":{"x":-1409.699999988079,"y":104.0,"z":147.17456677762343,"yaw":105.304886,"pitch":21.32504}},"36":{"location":{"x":-1409.699999988079,"y":104.0,"z":147.17456677762343,"yaw":107.6696,"pitch":21.427853}},"37":{"location":{"x":-1409.699999988079,"y":104.0,"z":147.17456677762343,"yaw":109.62306,"pitch":21.32504}},"38":{"location":{"x":-1409.699999988079,"y":104.0,"z":147.17456677762343,"yaw":111.26808,"pitch":21.222229}},"39":{"location":{"x":-1409.699999988079,"y":104.0,"z":147.17456677762343,"yaw":112.193405,"pitch":21.222229}},"40":{"location":{"x":-1409.699999988079,"y":104.0,"z":147.17456677762343,"yaw":112.39903,"pitch":21.119417}},"49":{"location":{"x":-1409.699999988079,"y":104.0,"z":147.17456677762343,"yaw":112.29622,"pitch":21.119417}},"50":{"location":{"x":-1409.699999988079,"y":104.0,"z":147.17456677762343,"yaw":111.67934,"pitch":21.119417}},"51":{"location":{"x":-1409.699999988079,"y":104.0,"z":147.17456677762343,"yaw":110.6512,"pitch":21.119417}},"52":{"location":{"x":-1409.699999988079,"y":104.0,"z":147.17456677762343,"yaw":109.52025,"pitch":21.119417}},"53":{"location":{"x":-1409.699999988079,"y":104.0,"z":147.17456677762343,"yaw":107.97804,"pitch":21.119417}},"55":{"location":{"x":-1409.699999988079,"y":104.0,"z":147.17456677762343,"yaw":106.23021,"pitch":21.119417}},"56":{"location":{"x":-1409.699999988079,"y":104.0,"z":147.17456677762343,"yaw":104.688,"pitch":21.32504}},"57":{"location":{"x":-1409.699999988079,"y":104.0,"z":147.17456677762343,"yaw":102.83737,"pitch":21.32504}},"58":{"location":{"x":-1409.699999988079,"y":104.0,"z":147.17456677762343,"yaw":101.19235,"pitch":21.32504}},"59":{"location":{"x":-1409.699999988079,"y":104.0,"z":147.17456677762343,"yaw":99.54733,"pitch":21.32504}},"60":{"location":{"x":-1409.699999988079,"y":104.0,"z":147.17456677762343,"yaw":97.7995,"pitch":21.32504}},"61":{"location":{"x":-1409.699999988079,"y":104.0,"z":147.17456677762343,"yaw":95.84604,"pitch":21.222229}},"62":{"location":{"x":-1409.699999988079,"y":104.0,"z":147.17456677762343,"yaw":93.789764,"pitch":21.119417}},"63":{"location":{"x":-1409.699999988079,"y":104.0,"z":147.17456677762343,"yaw":92.556,"pitch":21.119417}},"64":{"location":{"x":-1409.699999988079,"y":104.0,"z":147.17456677762343,"yaw":91.013794,"pitch":21.016605}},"65":{"location":{"x":-1409.699999988079,"y":104.0,"z":147.17456677762343,"yaw":88.95752,"pitch":21.016605}},"66":{"location":{"x":-1409.699999988079,"y":104.0,"z":147.17456677762343,"yaw":86.69562,"pitch":21.016605}},"67":{"location":{"x":-1409.699999988079,"y":104.0,"z":147.17456677762343,"yaw":84.22809,"pitch":20.810982}},"68":{"location":{"x":-1409.699999988079,"y":104.0,"z":147.17456677762343,"yaw":82.480255,"pitch":20.913794}},"69":{"location":{"x":-1409.699999988079,"y":104.0,"z":147.17456677762343,"yaw":79.8071,"pitch":20.913794}},"70":{"location":{"x":-1409.699999988079,"y":104.0,"z":147.17456677762343,"yaw":76.928314,"pitch":20.913794}},"71":{"location":{"x":-1409.699999988079,"y":104.0,"z":147.17456677762343,"yaw":73.638275,"pitch":20.913794}},"72":{"location":{"x":-1409.699999988079,"y":104.0,"z":147.17456677762343,"yaw":72.09607,"pitch":20.913794}},"73":{"location":{"x":-1409.699999988079,"y":104.0,"z":147.17456677762343,"yaw":69.73135,"pitch":20.913794}},"74":{"location":{"x":-1409.699999988079,"y":104.0,"z":147.17456677762343,"yaw":67.572266,"pitch":20.913794}},"76":{"location":{"x":-1409.699999988079,"y":104.0,"z":147.17456677762343,"yaw":66.64694,"pitch":20.913794}},"77":{"location":{"x":-1409.699999988079,"y":104.0,"z":147.17456677762343,"yaw":65.31036,"pitch":21.016605}},"78":{"location":{"x":-1409.699999988079,"y":104.0,"z":147.17456677762343,"yaw":64.59067,"pitch":21.119417}},"79":{"location":{"x":-1409.699999988079,"y":104.0,"z":147.17456677762343,"yaw":64.38504,"pitch":21.119417}},"80":{"location":{"x":-1409.699999988079,"y":104.0,"z":147.17456677762343,"yaw":63.768158,"pitch":21.222229}},"81":{"location":{"x":-1409.699999988079,"y":104.0,"z":147.17456677762343,"yaw":63.56253,"pitch":21.222229}},"82":{"location":{"x":-1409.699999988079,"y":104.0,"z":147.17456677762343,"yaw":62.94565,"pitch":21.32504}},"83":{"location":{"x":-1409.699999988079,"y":104.0,"z":147.17456677762343,"yaw":62.43158,"pitch":21.32504}},"84":{"location":{"x":-1409.699999988079,"y":104.0,"z":147.17456677762343,"yaw":62.328766,"pitch":21.32504}},"91":{"location":{"x":-1409.699999988079,"y":104.0,"z":147.17456677762343,"yaw":62.637207,"pitch":21.32504}},"92":{"location":{"x":-1409.699999988079,"y":104.0,"z":147.17456677762343,"yaw":63.665344,"pitch":21.119417}},"93":{"location":{"x":-1409.699999988079,"y":104.0,"z":147.17456677762343,"yaw":65.82443,"pitch":21.119417}},"94":{"location":{"x":-1409.699999988079,"y":104.0,"z":147.17456677762343,"yaw":69.11447,"pitch":21.016605}},"95":{"location":{"x":-1409.699999988079,"y":104.0,"z":147.17456677762343,"yaw":72.09607,"pitch":21.222229}},"97":{"location":{"x":-1409.699999988079,"y":104.0,"z":147.17456677762343,"yaw":75.07767,"pitch":21.530664}},