{"0":{"location":{"x":-1429.1506727116143,"y":104.0,"z":158.3880936687799,"yaw":77.44119,"pitch":9.193155},"pose":"STANDING","mainHand":"H4sIAAAAAAAA/+NiYGBm4HZJLEkMSy0qzszPY2DgL+ZgYMpMYRDJzcxLTS5KTCuxSs/PSYnPzEvPL2FmYE3OL80rYWBgsGYAAKGvdhc9AAAA"},"4":{"location":{"x":-1429.1506727116143,"y":104.0,"z":158.3880936687799,"yaw":78.2637,"pitch":9.193155}},"5":{"location":{"x":-1429.1506727116143,"y":104.0,"z":158.3880936687799,"yaw":78.9834,"pitch":9.193155}},"6":{"location":{"x":-1429.1506727116143,"y":104.0,"z":158.3880936687799,"yaw":79.60028,"pitch":9.295966}},"7":{"location":{"x":-1429.1506727116143,"y":104.0,"z":158.3880936687799,"yaw":81.14249,"pitch":9.70721}},"8":{"location":{"x":-1429.1506727116143,"y":104.0,"z":158.3880936687799,"yaw":82.17062,"pitch":10.118453}},"10":{"location":{"x":-1429.1506727116143,"y":104.0,"z":158.3880936687799,"yaw":82.06781,"pitch":10.118453}},"11":{"location":{"x":-1429.1506727116143,"y":104.0,"z":158.3880936687799,"yaw":81.45093,"pitch":9.912831}},"12":{"location":{"x":-1429.1506727116143,"y":104.0,"z":158.3880936687799,"yaw":81.14249,"pitch":9.70721}},"13":{"location":{"x":-1429.1506727116143,"y":104.0,"z":158.3880936687799,"yaw":80.93686,"pitch":9.604399}},"14":{"location":{"x":-1429.1506727116143,"y":104.0,"z":158.3880936687799,"yaw":80.73123,"pitch":9.604399}},"15":{"swing":"RIGHT"},"27":{"location":{"x":-1429.1506727116143,"y":104.0,"z":158.3880936687799,"yaw":79.90872,"pitch":9.295966}},"28":{"location":{"x":-1429.1506727116143,"y":104.0,"z":158.3880936687799,"yaw":79.08621,"pitch":9.090344}},"29":{"location":{"x":-1429.1506727116143,"y":104.0,"z":158.3880936687799,"yaw":78.67496,"pitch":8.987534}},"30":{"location":{"x":-1429.1506727116143,"y":104.0,"z":158.3880936687799,"yaw":78.46933,"pitch":8.987534}},"31":{"location":{"x":-1429.1506727116143,"y":104.0,"z":158.3880936687799,"yaw":78.058075,"pitch":8.884723}},"32":{"location":{"x":-1429.1506727116143,"y":104.0,"z":158.3880936687799,"yaw":77.85245,"pitch":8.781912}}}